{
  "type": "service_account",
  "project_id": "ngomany-eeec0",
  "private_key_id": "exemplo-chave",
  "private_key": "-----BEGIN PRIVATE KEY-----\nSUA_CHAVE_AQUI\n-----END PRIVATE KEY-----\n",
  "client_email": "firebase-adminsdk@ngomany-eeec0.iam.gserviceaccount.com",
  "client_id": "1234567890",
  "auth_uri": "https://accounts.google.com/o/oauth2/auth",
  "token_uri": "https://oauth2.googleapis.com/token",
  "auth_provider_x509_cert_url": "https://www.googleapis.com/oauth2/v1/certs",
  "client_x509_cert_url": "https://www.googleapis.com/robot/v1/metadata/x509/firebase-adminsdk"
}