{
  "type": "service_account",
  "project_id": "ngomany-eeec0",
  "private_key_id": "SUA_PRIVATE_KEY_ID",
  "private_key": "-----BEGIN PRIVATE KEY-----\nSUA_CHAVE_PRIVADA\n-----END PRIVATE KEY-----\n",
  "client_email": "firebase-adminsdk@ngomany-eeec0.iam.gserviceaccount.com",
  "client_id": "SUA_CLIENT_ID",
  "auth_uri": "https://accounts.google.com/o/oauth2/auth",
  "token_uri": "https://oauth2.googleapis.com/token",
  "auth_provider_x509_cert_url": "https://www.googleapis.com/oauth2/v1/certs",
  "client_x509_cert_url": "URL_DO_CERTIFICADO"
}